{"cameraMode":{"drawMode":0,"name":"Shaded","section":"Shading Mode"},"sceneLighting":false,"audioPlay":false,"sceneViewState":{"m_AlwaysRefresh":false,"showFog":true,"showSkybox":false,"showFlares":true,"showImageEffects":true,"showParticleSystems":true,"showVisualEffectGraphs":true,"m_FxEnabled":true},"in2DMode":false,"pivot":{"x":-8.550000190734864,"y":46.09175109863281,"z":-3.3801043033599855},"rotation":{"x":-0.016283268108963968,"y":-0.16127032041549684,"z":-0.002661230741068721,"w":0.9867713451385498},"size":4.206900596618652,"orthographic":true}