{"cameraMode":{"drawMode":0,"name":"Shaded","section":"Shading Mode"},"sceneLighting":false,"audioPlay":false,"sceneViewState":{"m_AlwaysRefresh":false,"showFog":true,"showSkybox":false,"showFlares":true,"showImageEffects":true,"showParticleSystems":true,"showVisualEffectGraphs":true,"m_FxEnabled":true},"in2DMode":false,"pivot":{"x":-18.700000762939454,"y":44.79999923706055,"z":-0.7000000476837158},"rotation":{"x":-0.0029999110847711565,"y":-0.007499895989894867,"z":-0.000022499756596516818,"w":0.9999673366546631},"size":1.4594519138336182,"orthographic":true}