{"cameraMode":{"drawMode":0,"name":"Shaded","section":"Shading Mode"},"sceneLighting":false,"audioPlay":false,"sceneViewState":{"m_AlwaysRefresh":false,"showFog":true,"showSkybox":false,"showFlares":true,"showImageEffects":true,"showParticleSystems":true,"showVisualEffectGraphs":true,"m_FxEnabled":true},"in2DMode":false,"pivot":{"x":-24.260000228881837,"y":44.79999923706055,"z":-0.7000000476837158},"rotation":{"x":0.02249785140156746,"y":-0.0038961232639849188,"z":0.00008060094114625826,"w":0.9997254610061646},"size":1.5099661350250245,"orthographic":true}