{"cameraMode":{"drawMode":0,"name":"Shaded","section":"Shading Mode"},"sceneLighting":true,"audioPlay":false,"sceneViewState":{"m_AlwaysRefresh":false,"showFog":true,"showSkybox":true,"showFlares":true,"showImageEffects":true,"showParticleSystems":true,"showVisualEffectGraphs":true,"m_FxEnabled":true},"in2DMode":false,"pivot":{"x":-7.739999771118164,"y":53.68000030517578,"z":-21.1200008392334},"rotation":{"x":-0.005999940913170576,"y":0.0006022726884111762,"z":-0.0000011711499610100873,"w":0.9999824166297913},"size":24.519935607910158,"orthographic":true}