{"cameraMode":{"drawMode":0,"name":"Shaded","section":"Shading Mode"},"sceneLighting":true,"audioPlay":false,"sceneViewState":{"m_AlwaysRefresh":false,"showFog":true,"showSkybox":true,"showFlares":true,"showImageEffects":true,"showParticleSystems":true,"showVisualEffectGraphs":true,"m_FxEnabled":true},"in2DMode":false,"pivot":{"x":-0.6999998092651367,"y":45.400001525878909,"z":-21.1200008392334},"rotation":{"x":-0.05245677009224892,"y":-0.027274109423160554,"z":-0.0014352410798892379,"w":0.9982553720474243},"size":12.12435531616211,"orthographic":true}