{"cameraMode":{"drawMode":0,"name":"Shaded","section":"Shading Mode"},"sceneLighting":true,"audioPlay":false,"sceneViewState":{"m_AlwaysRefresh":false,"showFog":true,"showSkybox":true,"showFlares":true,"showImageEffects":true,"showParticleSystems":true,"showVisualEffectGraphs":true,"m_FxEnabled":true},"in2DMode":false,"pivot":{"x":-16.464372634887697,"y":55.45404052734375,"z":-12.269010543823243},"rotation":{"x":-0.005999940913170576,"y":0.0006022726884111762,"z":-0.0000011711499610100873,"w":0.9999824166297913},"size":7.445290565490723,"orthographic":true}