{"cameraMode":{"drawMode":0,"name":"Shaded","section":"Shading Mode"},"sceneLighting":true,"audioPlay":false,"sceneViewState":{"m_AlwaysRefresh":false,"showFog":true,"showSkybox":true,"showFlares":true,"showImageEffects":true,"showParticleSystems":true,"showVisualEffectGraphs":true,"m_FxEnabled":true},"in2DMode":false,"pivot":{"x":-18.700000762939454,"y":44.79999923706055,"z":-0.7000000476837158},"rotation":{"x":0.11673019826412201,"y":-0.005360719282180071,"z":0.0006242644740268588,"w":0.9931362867355347},"size":9.061043739318848,"orthographic":true}