{"cameraMode":{"drawMode":0,"name":"Shaded","section":"Shading Mode"},"sceneLighting":true,"audioPlay":false,"sceneViewState":{"m_AlwaysRefresh":false,"showFog":true,"showSkybox":true,"showFlares":true,"showImageEffects":true,"showParticleSystems":true,"showVisualEffectGraphs":true,"m_FxEnabled":true},"in2DMode":false,"pivot":{"x":-0.9800000190734863,"y":45.400001525878909,"z":-21.1200008392334},"rotation":{"x":-0.0029999110847711565,"y":-0.007499895989894867,"z":-0.000022499756596516818,"w":0.9999673366546631},"size":12.12435531616211,"orthographic":true}