{"cameraMode":{"drawMode":0,"name":"Shaded","section":"Shading Mode"},"sceneLighting":false,"audioPlay":false,"sceneViewState":{"m_AlwaysRefresh":false,"showFog":true,"showSkybox":false,"showFlares":true,"showImageEffects":true,"showParticleSystems":true,"showVisualEffectGraphs":true,"m_FxEnabled":true},"in2DMode":false,"pivot":{"x":-18.700000762939454,"y":44.79999923706055,"z":-0.7000000476837158},"rotation":{"x":-0.03898366913199425,"y":0.017089707776904107,"z":0.0006586515228264034,"w":0.9990717768669128},"size":3.2710838317871095,"orthographic":true}