{"cameraMode":{"drawMode":0,"name":"Shaded","section":"Shading Mode"},"sceneLighting":false,"audioPlay":false,"sceneViewState":{"m_AlwaysRefresh":false,"showFog":true,"showSkybox":false,"showFlares":true,"showImageEffects":true,"showParticleSystems":true,"showVisualEffectGraphs":true,"m_FxEnabled":true},"in2DMode":false,"pivot":{"x":-68.93000030517578,"y":27.450000762939454,"z":-0.7000000476837158},"rotation":{"x":0.008936774916946888,"y":-0.11821839958429337,"z":0.0010641899425536395,"w":0.9929467439651489},"size":2.4259021282196047,"orthographic":true}